episode,policy,outcome,frames,median_off,max_off,left_manifold_at,frac_off,reached_phase,ended_at_phase,deepest_at,phase_0,phase_1,phase_2,phase_3,phase_4,phase_5,phase_6,phase_7,phase_8,phase_9
1889,diffusion,failure,919,0.49,0.97,0.202,0.001,0.915,0.159,0.001,0.48,0.64,0.48,0.44,0.49,0.42,0.48,0.51,0.46,0.48
1890,diffusion,failure,925,0.61,0.86,,0.0,0.933,0.204,0.003,0.08,0.63,0.68,0.65,0.66,0.64,0.66,0.57,0.53,0.39
1891,diffusion,failure,917,0.67,1.04,0.271,0.007,0.913,0.655,0.0,0.12,0.69,0.73,0.51,0.67,0.61,0.72,0.69,0.66,0.78
1892,diffusion,failure,882,0.35,0.71,,0.0,0.924,0.2,0.003,0.08,0.43,0.09,0.42,0.43,0.41,0.09,0.41,0.46,0.38
1893,diffusion,failure,874,0.68,0.87,,0.0,0.914,0.583,0.0,0.14,0.71,0.76,0.63,0.67,0.61,0.64,0.71,0.73,0.74
1894,diffusion,failure,831,0.57,0.85,,0.0,0.649,0.587,0.005,0.12,0.62,0.67,0.53,0.65,0.56,0.56,0.65,0.53,0.58
1895,diffusion,failure,859,0.08,0.24,,0.0,0.067,0.019,0.298,0.08,0.07,0.07,0.09,0.08,0.09,0.08,0.08,0.07,0.08
1896,diffusion,failure,879,0.08,0.25,,0.0,0.067,0.023,0.554,0.08,0.07,0.07,0.07,0.09,0.08,0.07,0.09,0.07,0.07
1897,diffusion,failure,849,0.07,0.19,,0.0,0.067,0.032,0.015,0.08,0.08,0.07,0.07,0.06,0.06,0.07,0.07,0.07,0.07
1898,diffusion,failure,885,0.14,0.98,0.436,0.007,0.955,0.075,0.079,0.08,0.08,0.21,0.51,0.71,0.09,0.07,0.08,0.2,0.61
1899,diffusion,failure,891,0.42,0.71,,0.0,0.947,0.624,0.0,0.16,0.42,0.46,0.47,0.31,0.36,0.21,0.42,0.45,0.5
1900,diffusion,failure,863,0.29,0.83,,0.0,0.79,0.283,0.001,0.23,0.24,0.23,0.29,0.46,0.32,0.42,0.33,0.28,0.29
1901,diffusion,failure,888,0.33,0.65,,0.0,0.946,0.338,0.0,0.13,0.39,0.43,0.4,0.1,0.21,0.42,0.45,0.28,0.19
1902,diffusion,failure,895,0.43,0.75,,0.0,0.745,0.284,0.001,0.18,0.29,0.41,0.42,0.5,0.48,0.5,0.38,0.46,0.5
1903,diffusion,failure,899,0.31,0.55,,0.0,0.745,0.493,0.0,0.08,0.23,0.33,0.3,0.42,0.34,0.33,0.33,0.33,0.22
1904,diffusion,failure,933,0.3,0.59,,0.0,0.813,0.231,0.002,0.09,0.25,0.38,0.26,0.42,0.31,0.45,0.37,0.24,0.19
1905,diffusion,failure,933,0.37,0.91,,0.0,0.91,0.277,0.0,0.21,0.22,0.38,0.35,0.48,0.34,0.39,0.46,0.5,0.54
1906,diffusion,failure,927,0.29,0.64,,0.0,0.896,0.205,0.003,0.24,0.26,0.3,0.5,0.28,0.29,0.26,0.31,0.31,0.24
1907,diffusion,failure,930,0.23,0.58,,0.0,0.151,0.112,0.0,0.21,0.18,0.22,0.31,0.39,0.26,0.23,0.21,0.2,0.18
1908,diffusion,failure,930,0.28,0.63,,0.0,0.873,0.27,0.0,0.16,0.39,0.3,0.42,0.29,0.36,0.29,0.21,0.24,0.27
1909,diffusion,failure,928,0.56,0.82,,0.0,0.882,0.058,0.005,0.12,0.54,0.66,0.59,0.52,0.53,0.55,0.54,0.62,0.66
1910,diffusion,failure,907,0.24,0.68,,0.0,0.899,0.186,0.003,0.17,0.19,0.31,0.2,0.36,0.38,0.24,0.38,0.26,0.22
1911,diffusion,failure,919,0.2,0.51,,0.0,0.322,0.11,0.0,0.2,0.19,0.17,0.17,0.18,0.18,0.24,0.22,0.22,0.22
1912,diffusion,failure,903,0.27,0.68,,0.0,0.589,0.276,0.001,0.24,0.19,0.26,0.3,0.32,0.21,0.27,0.24,0.23,0.32
1913,diffusion,failure,924,0.31,0.71,,0.0,0.82,0.258,0.001,0.18,0.17,0.27,0.39,0.35,0.33,0.3,0.41,0.31,0.33
1914,diffusion,failure,912,0.07,0.18,,0.0,0.9,0.021,0.461,0.06,0.07,0.07,0.06,0.07,0.07,0.07,0.07,0.07,0.06
1915,diffusion,failure,912,0.09,0.87,,0.0,0.926,0.064,0.919,0.08,0.08,0.09,0.09,0.14,0.73,0.14,0.07,0.07,0.07
1916,diffusion,failure,926,0.09,0.67,,0.0,0.504,0.023,0.83,0.09,0.1,0.13,0.49,0.08,0.1,0.09,0.09,0.08,0.07
1917,diffusion,failure,897,0.13,0.69,,0.0,0.937,0.032,0.004,0.22,0.5,0.06,0.07,0.14,0.39,0.06,0.21,0.17,0.07
1918,diffusion,failure,904,0.38,0.71,,0.0,0.907,0.397,0.0,0.07,0.38,0.32,0.44,0.5,0.55,0.12,0.44,0.4,0.19
1919,act,failure,977,0.4,0.86,,0.0,0.896,0.645,0.009,0.31,0.41,0.48,0.38,0.37,0.38,0.36,0.39,0.46,0.45
1920,act,failure,956,0.43,0.89,,0.0,0.898,0.401,0.022,0.52,0.58,0.27,0.29,0.42,0.42,0.47,0.47,0.48,0.44
1921,act,failure,952,0.49,0.7,,0.0,0.894,0.193,0.011,0.37,0.38,0.4,0.52,0.51,0.53,0.52,0.51,0.54,0.47
1922,act,failure,953,0.46,0.8,,0.0,0.896,0.635,0.0,0.38,0.42,0.44,0.45,0.52,0.45,0.44,0.47,0.48,0.56
1923,act,failure,952,0.41,0.73,,0.0,0.916,0.184,0.024,0.38,0.36,0.39,0.35,0.42,0.34,0.44,0.44,0.45,0.43
1924,act,failure,942,0.37,0.83,,0.0,0.894,0.566,0.021,0.26,0.31,0.33,0.42,0.46,0.38,0.36,0.32,0.36,0.41
1925,act,failure,927,0.46,0.85,,0.0,0.898,0.279,0.019,0.41,0.42,0.46,0.48,0.48,0.44,0.46,0.47,0.46,0.5
1926,act,failure,891,0.24,0.66,,0.0,0.533,0.144,0.02,0.23,0.41,0.39,0.44,0.19,0.19,0.2,0.2,0.2,0.22
1927,act,failure,918,0.37,0.7,,0.0,0.573,0.569,0.022,0.4,0.34,0.49,0.45,0.36,0.35,0.38,0.33,0.24,0.32
1928,act,failure,911,0.39,0.81,,0.0,0.546,0.4,0.0,0.56,0.44,0.45,0.55,0.33,0.32,0.25,0.27,0.32,0.27
1929,act,failure,919,0.37,0.73,,0.0,0.632,0.257,0.012,0.25,0.19,0.16,0.34,0.4,0.42,0.42,0.42,0.49,0.47
1930,act,failure,927,0.41,0.86,,0.0,0.931,0.278,0.013,0.22,0.17,0.35,0.5,0.44,0.43,0.6,0.47,0.38,0.34
1931,act,failure,888,0.23,0.45,,0.0,0.564,0.216,0.016,0.19,0.18,0.23,0.2,0.24,0.22,0.26,0.27,0.23,0.24
1932,act,failure,926,0.3,0.49,,0.0,0.892,0.664,0.004,0.24,0.19,0.29,0.3,0.28,0.3,0.31,0.29,0.37,0.35
1933,act,failure,912,0.23,0.65,,0.0,0.533,0.245,0.01,0.43,0.26,0.15,0.38,0.26,0.19,0.23,0.33,0.4,0.2
1934,act,failure,979,0.28,0.64,,0.0,0.569,0.29,0.02,0.3,0.19,0.39,0.16,0.27,0.32,0.23,0.31,0.37,0.2
1935,act,failure,978,0.24,0.53,,0.0,0.411,0.244,0.017,0.27,0.24,0.25,0.22,0.25,0.21,0.22,0.25,0.26,0.23
1936,act,failure,983,0.25,0.53,,0.0,0.581,0.233,0.0,0.26,0.3,0.24,0.21,0.19,0.29,0.29,0.25,0.29,0.3
1937,act,failure,965,0.24,0.55,,0.0,0.603,0.25,0.013,0.25,0.18,0.19,0.26,0.26,0.33,0.32,0.24,0.14,0.15
1938,act,failure,970,0.15,0.7,,0.0,0.585,0.404,0.019,0.3,0.19,0.23,0.14,0.15,0.14,0.15,0.12,0.12,0.15
1939,act,failure,977,0.35,0.71,,0.0,0.635,0.507,0.017,0.27,0.22,0.27,0.24,0.3,0.33,0.5,0.54,0.48,0.47
1940,act,failure,966,0.26,0.63,,0.0,0.601,0.58,0.007,0.23,0.33,0.26,0.28,0.2,0.27,0.28,0.28,0.27,0.24
1941,act,failure,927,0.17,0.45,,0.0,0.588,0.407,0.025,0.26,0.19,0.22,0.25,0.21,0.14,0.17,0.16,0.15,0.14
1942,act,failure,929,0.24,0.7,,0.0,0.601,0.596,0.01,0.21,0.33,0.29,0.33,0.33,0.23,0.18,0.15,0.21,0.23
1943,act,failure,951,0.26,0.68,,0.0,0.75,0.573,0.012,0.23,0.44,0.3,0.27,0.2,0.17,0.24,0.25,0.23,0.23
1944,act,failure,910,0.29,0.79,,0.0,0.701,0.506,0.023,0.3,0.37,0.34,0.29,0.26,0.3,0.25,0.24,0.3,0.25
1945,act,failure,896,0.39,1.02,0.223,0.008,0.857,0.479,0.011,0.45,0.77,0.72,0.35,0.23,0.34,0.33,0.37,0.27,0.45
1946,act,failure,920,0.41,0.98,0.925,0.005,0.936,0.329,0.026,0.45,0.66,0.48,0.25,0.24,0.32,0.36,0.43,0.71,0.84
1947,act,failure,917,0.73,1.09,0.095,0.062,0.922,0.515,0.001,0.66,0.63,0.51,0.88,0.85,0.86,0.78,0.64,0.66,0.78
1948,act,failure,937,0.37,0.72,,0.0,0.894,0.401,0.022,0.2,0.26,0.46,0.36,0.41,0.37,0.48,0.32,0.32,0.42
1949,act,failure,985,0.27,0.62,,0.0,0.48,0.22,0.007,0.33,0.28,0.27,0.33,0.23,0.23,0.27,0.25,0.27,0.27
1950,act,failure,995,0.29,0.65,,0.0,0.194,0.146,0.012,0.31,0.27,0.29,0.28,0.32,0.3,0.28,0.28,0.31,0.29
1951,act,failure,987,0.32,0.67,,0.0,0.461,0.282,0.011,0.31,0.34,0.33,0.32,0.31,0.29,0.31,0.32,0.32,0.38
1952,act,failure,988,0.37,0.78,,0.0,0.323,0.248,0.006,0.28,0.33,0.41,0.47,0.51,0.32,0.44,0.38,0.38,0.36
1953,act,failure,988,0.27,0.62,,0.0,0.285,0.154,0.01,0.28,0.26,0.27,0.23,0.32,0.33,0.25,0.25,0.22,0.31
1954,act,failure,989,0.29,0.62,,0.0,0.195,0.167,0.009,0.29,0.32,0.29,0.3,0.32,0.27,0.24,0.29,0.32,0.29
1955,act,failure,996,0.3,0.69,,0.0,0.551,0.248,0.006,0.25,0.23,0.4,0.29,0.33,0.32,0.22,0.3,0.29,0.35
1956,act,failure,993,0.31,0.67,,0.0,0.205,0.174,0.015,0.27,0.28,0.29,0.3,0.33,0.34,0.28,0.32,0.4,0.3
1957,act,failure,993,0.31,0.58,,0.0,0.475,0.245,0.0,0.31,0.31,0.29,0.24,0.36,0.33,0.3,0.3,0.32,0.31
1958,act,failure,994,0.3,0.6,,0.0,0.295,0.182,0.0,0.36,0.29,0.3,0.3,0.31,0.3,0.31,0.32,0.28,0.3
1959,act,failure,993,0.29,0.57,,0.0,0.19,0.102,0.012,0.39,0.35,0.24,0.3,0.26,0.27,0.27,0.29,0.26,0.3
1960,act,failure,992,0.31,0.66,,0.0,0.478,0.285,0.014,0.43,0.3,0.29,0.25,0.3,0.3,0.28,0.39,0.28,0.32
1961,act,failure,991,0.36,0.78,,0.0,0.943,0.83,0.016,0.46,0.25,0.3,0.27,0.35,0.29,0.48,0.42,0.39,0.34
1962,act,failure,990,0.26,0.63,,0.0,0.473,0.148,0.015,0.3,0.31,0.25,0.29,0.24,0.23,0.23,0.24,0.28,0.23
1963,act,failure,993,0.32,0.7,,0.0,0.475,0.332,0.014,0.44,0.3,0.27,0.28,0.28,0.29,0.3,0.34,0.25,0.35
1964,act,failure,987,0.38,0.86,,0.0,0.624,0.607,0.015,0.3,0.21,0.47,0.5,0.46,0.44,0.37,0.37,0.41,0.41
1965,act,failure,997,0.61,1.2,0.049,0.024,0.919,0.164,0.007,0.65,0.53,0.76,0.72,0.62,0.57,0.53,0.68,0.59,0.49
1966,act,failure,991,0.6,1.23,0.049,0.038,0.237,0.146,0.061,0.82,0.72,0.58,0.58,0.66,0.71,0.55,0.41,0.57,0.52
1967,act,failure,994,0.67,1.02,0.242,0.018,0.304,0.236,0.014,0.64,0.64,0.73,0.74,0.66,0.7,0.82,0.69,0.67,0.65
1968,act,failure,475,0.57,0.82,,0.0,0.162,0.084,0.006,0.29,0.63,0.54,0.5,0.52,0.53,0.64,0.57,0.56,0.62
1969,act,failure,870,0.52,0.88,,0.0,0.935,0.136,0.009,0.5,0.43,0.43,0.48,0.54,0.73,0.58,0.57,0.4,0.64
1970,act,failure,837,0.32,0.57,,0.0,0.226,0.099,0.017,0.3,0.31,0.33,0.29,0.31,0.34,0.33,0.3,0.34,0.37
1971,act,failure,997,0.63,0.99,0.271,0.019,0.297,0.243,0.015,0.5,0.61,0.78,0.72,0.57,0.68,0.63,0.65,0.68,0.68
1972,act,failure,993,0.8,1.5,0.065,0.297,0.892,0.131,0.582,0.66,0.48,0.47,0.83,0.75,0.97,0.95,0.87,0.86,1.13
1973,act,failure,381,0.48,0.72,,0.0,0.247,0.068,0.016,0.24,0.52,0.48,0.5,0.43,0.46,0.56,0.6,0.47,0.39
1974,act,failure,153,0.52,0.72,,0.0,0.939,0.11,0.0,0.38,0.28,0.41,0.67,0.68,0.5,0.5,0.56,0.47,0.55
1975,act,failure,982,0.62,1.0,0.076,0.002,0.898,0.757,0.013,0.7,0.74,0.56,0.46,0.73,0.53,0.45,0.81,0.6,0.82
1976,act,failure,988,0.51,0.82,,0.0,0.332,0.083,0.0,0.35,0.53,0.44,0.42,0.58,0.58,0.6,0.55,0.54,0.46
1977,act,failure,998,0.4,0.78,,0.0,0.478,0.072,0.008,0.53,0.34,0.41,0.33,0.39,0.33,0.4,0.43,0.38,0.45
1978,act,failure,955,0.49,1.0,0.106,0.004,0.893,0.338,0.0,0.52,0.52,0.45,0.53,0.53,0.5,0.48,0.42,0.43,0.46
1979,smolvla,failure,864,0.33,0.66,,0.0,0.864,0.356,0.18,0.28,0.4,0.28,0.27,0.36,0.3,0.34,0.35,0.36,0.25
1980,smolvla,failure,868,0.37,0.69,,0.0,0.894,0.559,0.002,0.46,0.38,0.32,0.27,0.28,0.37,0.44,0.44,0.33,0.42
1981,smolvla,failure,871,0.34,0.65,,0.0,0.862,0.267,0.043,0.43,0.36,0.26,0.28,0.43,0.39,0.32,0.31,0.28,0.3
1982,smolvla,failure,871,0.39,0.76,,0.0,0.891,0.438,0.584,0.39,0.32,0.3,0.31,0.34,0.46,0.48,0.4,0.42,0.58
1983,smolvla,failure,878,0.3,0.74,,0.0,0.659,0.453,0.056,0.47,0.34,0.28,0.27,0.26,0.28,0.31,0.3,0.31,0.29
1984,smolvla,failure,867,0.47,0.95,,0.0,0.896,0.431,0.792,0.59,0.32,0.53,0.49,0.31,0.45,0.38,0.52,0.6,0.55
1985,smolvla,failure,869,0.28,0.67,,0.0,0.618,0.281,0.824,0.34,0.28,0.24,0.28,0.28,0.27,0.3,0.3,0.25,0.31
1986,smolvla,failure,865,0.45,0.78,,0.0,0.894,0.888,0.654,0.45,0.43,0.55,0.56,0.35,0.34,0.42,0.44,0.58,0.5
1987,smolvla,failure,861,0.48,0.82,,0.0,0.894,0.417,0.488,0.3,0.26,0.43,0.42,0.56,0.5,0.47,0.49,0.54,0.58
1988,smolvla,failure,870,0.46,0.79,,0.0,0.896,0.417,0.39,0.48,0.33,0.42,0.49,0.31,0.46,0.54,0.46,0.51,0.44
1989,smolvla,failure,774,0.36,0.94,,0.0,0.533,0.255,0.191,0.4,0.45,0.38,0.36,0.27,0.37,0.35,0.35,0.41,0.36
1990,smolvla,failure,864,0.36,0.91,,0.0,0.573,0.278,0.072,0.49,0.4,0.28,0.36,0.38,0.33,0.34,0.37,0.36,0.38
1991,smolvla,failure,850,0.48,0.81,,0.0,0.868,0.477,0.792,0.36,0.41,0.44,0.51,0.59,0.55,0.54,0.54,0.4,0.55
1992,smolvla,failure,865,0.46,1.01,0.053,0.005,0.896,0.432,0.003,0.5,0.37,0.32,0.5,0.38,0.51,0.54,0.44,0.53,0.44
1993,smolvla,failure,869,0.44,0.98,0.055,0.001,0.894,0.56,0.275,0.32,0.53,0.48,0.36,0.41,0.51,0.42,0.42,0.45,0.27
1994,smolvla,failure,874,0.35,0.9,,0.0,0.515,0.419,0.889,0.32,0.33,0.4,0.31,0.34,0.27,0.27,0.43,0.5,0.38
1995,smolvla,failure,865,0.26,0.6,,0.0,0.685,0.271,0.792,0.28,0.32,0.24,0.24,0.21,0.25,0.26,0.3,0.33,0.3
1996,smolvla,failure,869,0.27,0.54,,0.0,0.685,0.304,0.05,0.3,0.36,0.21,0.18,0.24,0.27,0.25,0.31,0.35,0.32
1997,smolvla,failure,872,0.28,0.56,,0.0,0.685,0.309,0.618,0.25,0.32,0.21,0.23,0.21,0.31,0.35,0.37,0.32,0.41
1998,smolvla,failure,871,0.26,0.67,,0.0,0.866,0.401,0.407,0.32,0.34,0.2,0.27,0.14,0.29,0.3,0.22,0.21,0.24
1999,smolvla,failure,862,0.26,0.55,,0.0,0.763,0.453,0.045,0.36,0.23,0.21,0.29,0.34,0.31,0.19,0.27,0.24,0.23
2000,smolvla,failure,865,0.37,0.75,,0.0,0.896,0.888,0.053,0.31,0.38,0.27,0.39,0.3,0.33,0.57,0.43,0.36,0.42
2001,smolvla,failure,868,0.42,0.79,,0.0,0.862,0.429,0.862,0.45,0.32,0.35,0.42,0.43,0.47,0.6,0.45,0.37,0.45
2002,smolvla,failure,871,0.52,0.89,,0.0,0.898,0.658,0.008,0.62,0.57,0.56,0.64,0.43,0.49,0.58,0.56,0.42,0.53
2003,smolvla,failure,866,0.38,0.78,,0.0,0.862,0.42,0.0,0.44,0.29,0.37,0.42,0.4,0.4,0.37,0.37,0.46,0.3
2004,smolvla,failure,869,0.42,0.81,,0.0,0.87,0.61,0.005,0.63,0.34,0.54,0.53,0.45,0.4,0.39,0.39,0.38,0.28
2005,smolvla,failure,873,0.43,0.79,,0.0,0.862,0.426,0.443,0.56,0.4,0.41,0.45,0.55,0.39,0.35,0.44,0.5,0.4
2006,smolvla,failure,875,0.48,0.73,,0.0,0.896,0.89,0.884,0.36,0.36,0.42,0.57,0.57,0.48,0.48,0.49,0.57,0.45
2007,smolvla,failure,875,0.42,0.75,,0.0,0.896,0.42,0.64,0.31,0.38,0.37,0.39,0.34,0.36,0.48,0.49,0.62,0.61
2008,smolvla,failure,876,0.42,0.86,,0.0,0.896,0.658,0.283,0.35,0.39,0.48,0.4,0.43,0.38,0.41,0.48,0.33,0.5
2009,molmoact2,failure,432,0.49,0.68,,0.0,0.463,0.254,0.643,0.36,0.38,0.5,0.47,0.53,0.5,0.58,0.46,0.58,0.56
2010,molmoact2,failure,429,0.37,0.57,,0.0,0.579,0.564,0.561,0.43,0.38,0.41,0.29,0.39,0.46,0.39,0.35,0.35,0.36
2011,molmoact2,failure,449,0.42,0.68,,0.0,0.582,0.231,0.587,0.36,0.38,0.37,0.49,0.44,0.41,0.44,0.36,0.54,0.29
2012,molmoact2,failure,424,0.39,0.67,,0.0,0.198,0.14,0.943,0.36,0.28,0.33,0.33,0.34,0.38,0.56,0.58,0.53,0.41
2013,molmoact2,failure,449,0.44,0.72,,0.0,0.461,0.285,0.868,0.31,0.28,0.63,0.32,0.43,0.42,0.48,0.44,0.51,0.48
2014,molmoact2,failure,429,0.45,0.71,,0.0,0.46,0.285,0.848,0.39,0.34,0.57,0.56,0.37,0.49,0.44,0.44,0.47,0.45
2015,molmoact2,failure,448,0.45,0.61,,0.0,0.473,0.22,0.984,0.39,0.47,0.55,0.47,0.46,0.3,0.45,0.42,0.47,0.44
2016,molmoact2,failure,445,0.47,0.71,,0.0,0.738,0.213,0.367,0.38,0.4,0.61,0.48,0.62,0.54,0.47,0.38,0.47,0.43
2017,molmoact2,failure,450,0.43,0.67,,0.0,0.46,0.209,0.287,0.4,0.46,0.48,0.47,0.41,0.38,0.42,0.42,0.41,0.43
2018,molmoact2,failure,421,0.2,0.61,,0.0,0.776,0.763,0.752,0.37,0.46,0.46,0.34,0.44,0.11,0.1,0.16,0.13,0.18
2019,molmoact2,failure,414,0.39,0.65,,0.0,0.724,0.52,0.688,0.38,0.42,0.57,0.56,0.57,0.45,0.29,0.3,0.22,0.22
2020,molmoact2,failure,414,0.29,0.69,,0.0,0.722,0.715,0.935,0.38,0.4,0.58,0.57,0.5,0.21,0.21,0.18,0.21,0.29
2021,molmoact2,failure,415,0.26,0.62,,0.0,0.729,0.722,0.396,0.39,0.45,0.38,0.46,0.27,0.25,0.2,0.2,0.17,0.13
2022,molmoact2,failure,393,0.25,0.62,,0.0,0.746,0.722,0.599,0.35,0.43,0.45,0.49,0.21,0.17,0.16,0.17,0.21,0.27
2023,molmoact2,failure,415,0.19,0.67,,0.0,0.765,0.732,0.57,0.35,0.37,0.45,0.54,0.21,0.15,0.17,0.11,0.16,0.13
2024,molmoact2,failure,244,0.34,0.6,,0.0,0.159,0.143,0.86,0.31,0.35,0.3,0.39,0.4,0.28,0.36,0.31,0.36,0.36
2025,molmoact2,failure,261,0.48,0.58,,0.0,0.2,0.162,0.765,0.36,0.4,0.48,0.39,0.52,0.51,0.48,0.49,0.53,0.43
2026,molmoact2,failure,383,0.3,0.6,,0.0,0.182,0.14,0.935,0.39,0.37,0.31,0.31,0.3,0.3,0.29,0.29,0.3,0.29
2027,molmoact2,failure,85,0.35,0.61,,0.0,0.119,0.091,0.988,0.35,0.51,0.31,0.37,0.35,0.31,0.28,0.36,0.39,0.31
2028,molmoact2,failure,264,0.43,0.63,,0.0,0.469,0.115,0.928,0.39,0.38,0.39,0.33,0.5,0.46,0.36,0.48,0.42,0.47
2029,molmoact2,failure,106,0.39,0.62,,0.0,0.141,0.1,0.905,0.35,0.48,0.41,0.36,0.27,0.32,0.53,0.45,0.41,0.38
2030,molmoact2,failure,413,0.34,0.6,,0.0,0.137,0.1,0.354,0.38,0.37,0.35,0.33,0.33,0.34,0.33,0.34,0.36,0.32
2031,molmoact2,failure,173,0.43,0.56,,0.0,0.14,0.099,0.517,0.38,0.37,0.45,0.41,0.46,0.5,0.43,0.43,0.37,0.38
2032,molmoact2,failure,321,0.36,0.61,,0.0,0.135,0.063,0.369,0.39,0.35,0.39,0.41,0.39,0.27,0.32,0.32,0.32,0.35
2033,molmoact2,failure,414,0.42,0.69,,0.0,0.461,0.285,0.191,0.36,0.49,0.42,0.55,0.37,0.36,0.42,0.44,0.42,0.47
2034,molmoact2,failure,427,0.46,0.65,,0.0,0.411,0.119,0.775,0.37,0.37,0.34,0.53,0.44,0.52,0.48,0.57,0.45,0.37
2035,molmoact2,failure,421,0.41,0.75,,0.0,0.217,0.2,0.426,0.33,0.34,0.37,0.43,0.49,0.31,0.57,0.35,0.36,0.5
2036,molmoact2,failure,418,0.4,0.73,,0.0,0.461,0.423,0.859,0.32,0.24,0.39,0.61,0.29,0.3,0.36,0.41,0.43,0.54
2037,molmoact2,failure,419,0.37,0.63,,0.0,0.462,0.207,0.569,0.37,0.41,0.36,0.3,0.3,0.42,0.41,0.45,0.36,0.42
2038,molmoact2,failure,421,0.37,0.72,,0.0,0.911,0.391,0.39,0.32,0.21,0.36,0.57,0.35,0.57,0.45,0.39,0.33,0.39
2039,molmoact2,failure,1018,0.28,0.65,,0.0,0.584,0.304,0.002,0.34,0.53,0.42,0.39,0.35,0.25,0.2,0.2,0.21,0.25
2040,molmoact2,failure,1021,0.36,0.9,,0.0,0.833,0.685,0.004,0.24,0.45,0.34,0.26,0.32,0.35,0.54,0.44,0.44,0.22
2041,molmoact2,failure,1021,0.27,0.59,,0.0,0.598,0.224,0.01,0.37,0.5,0.42,0.36,0.23,0.31,0.26,0.27,0.16,0.16
2042,molmoact2,failure,1025,0.16,0.64,,0.0,0.999,0.981,0.679,0.24,0.48,0.41,0.32,0.25,0.22,0.02,0.02,0.02,0.02
2043,molmoact2,failure,1022,0.28,0.78,,0.0,0.971,0.896,0.941,0.23,0.32,0.35,0.25,0.24,0.32,0.29,0.38,0.43,0.01
2044,molmoact2,failure,615,0.02,0.56,,0.0,0.999,0.963,0.731,0.34,0.19,0.04,0.02,0.02,0.01,0.02,0.02,0.02,0.03
2045,molmoact2,failure,586,0.02,0.56,,0.0,0.996,0.996,0.67,0.44,0.42,0.39,0.29,0.27,0.02,0.01,0.01,0.02,0.02
2046,molmoact2,failure,464,0.22,0.61,,0.0,0.974,0.972,0.011,0.35,0.36,0.25,0.29,0.23,0.21,0.24,0.08,0.01,0.01
2047,molmoact2,failure,573,0.21,0.56,,0.0,0.984,0.011,0.677,0.05,0.31,0.36,0.29,0.35,0.3,0.05,0.02,0.02,0.02
2048,molmoact2,failure,865,0.2,0.54,,0.0,0.765,0.707,0.0,0.32,0.36,0.11,0.13,0.16,0.16,0.16,0.21,0.27,0.29
2049,molmoact2,failure,1018,0.26,0.65,,0.0,0.952,0.704,0.5,0.31,0.34,0.16,0.14,0.22,0.34,0.48,0.25,0.32,0.18
2050,molmoact2,failure,642,0.2,0.62,,0.0,0.989,0.92,0.903,0.1,0.48,0.37,0.39,0.36,0.19,0.12,0.14,0.09,0.02
2051,molmoact2,failure,1002,0.31,0.63,,0.0,0.831,0.793,0.0,0.35,0.48,0.29,0.4,0.5,0.28,0.28,0.28,0.28,0.29
2052,molmoact2,failure,382,0.21,0.65,,0.0,0.946,0.031,0.845,0.08,0.5,0.38,0.33,0.26,0.21,0.18,0.19,0.03,0.01
2053,molmoact2,failure,1016,0.17,0.49,,0.0,0.791,0.767,0.003,0.37,0.38,0.37,0.19,0.12,0.15,0.15,0.17,0.17,0.18
2054,molmoact2,failure,631,0.03,0.67,,0.0,1.0,0.988,0.286,0.32,0.43,0.04,0.03,0.03,0.03,0.03,0.03,0.03,0.03
2055,molmoact2,failure,137,0.29,0.63,,0.0,0.967,0.502,0.081,0.02,0.22,0.5,0.45,0.49,0.35,0.26,0.33,0.23,0.19
2056,molmoact2,failure,841,0.33,0.75,,0.0,0.966,0.669,0.013,0.42,0.49,0.31,0.25,0.28,0.39,0.1,0.37,0.44,0.07
2057,molmoact2,failure,789,0.28,0.57,,0.0,0.689,0.528,0.003,0.25,0.33,0.34,0.34,0.22,0.23,0.24,0.18,0.28,0.29
2058,molmoact2,failure,224,0.38,0.76,,0.0,0.9,0.271,0.018,0.02,0.07,0.52,0.49,0.35,0.46,0.36,0.4,0.4,0.35
2059,molmoact2,failure,1016,0.37,0.62,,0.0,0.868,0.786,0.008,0.32,0.37,0.37,0.36,0.31,0.27,0.36,0.42,0.38,0.52
2060,molmoact2,failure,154,0.34,0.85,,0.0,0.957,0.934,0.967,0.02,0.22,0.47,0.53,0.53,0.52,0.51,0.23,0.08,0.04
2061,molmoact2,failure,1007,0.34,0.63,,0.0,0.87,0.583,0.013,0.23,0.49,0.36,0.33,0.29,0.28,0.42,0.39,0.33,0.33
2062,molmoact2,failure,229,0.29,0.98,0.175,0.013,0.962,0.011,0.018,0.03,0.6,0.61,0.5,0.43,0.56,0.21,0.06,0.04,0.03
2063,molmoact2,failure,1021,0.61,0.97,0.348,0.001,0.786,0.42,0.018,0.36,0.54,0.66,0.71,0.69,0.66,0.63,0.37,0.29,0.43
2064,molmoact2,failure,1017,0.31,0.87,,0.0,0.971,0.902,0.862,0.55,0.4,0.31,0.27,0.27,0.35,0.46,0.41,0.03,0.01
2065,molmoact2,failure,1015,0.42,0.7,,0.0,0.855,0.803,0.002,0.39,0.47,0.39,0.46,0.43,0.54,0.49,0.39,0.34,0.28
2066,molmoact2,failure,1012,0.46,0.7,,0.0,0.752,0.28,0.0,0.41,0.58,0.53,0.48,0.4,0.38,0.4,0.46,0.52,0.46
2067,molmoact2,failure,1017,0.44,0.69,,0.0,0.75,0.286,0.001,0.39,0.51,0.49,0.45,0.47,0.44,0.38,0.43,0.43,0.4
2068,molmoact2,failure,996,0.45,0.68,,0.0,0.756,0.281,0.009,0.44,0.53,0.49,0.44,0.41,0.45,0.44,0.47,0.4,0.41
2069,grootn1.7,failure,881,0.41,0.85,,0.0,0.867,0.264,0.042,0.52,0.46,0.35,0.31,0.26,0.43,0.38,0.18,0.5,0.48
2070,grootn1.7,failure,881,0.63,1.54,0.667,0.228,0.641,0.282,0.0,0.4,0.64,0.24,0.35,0.29,0.6,0.8,1.06,1.09,0.93
2071,grootn1.7,failure,889,0.58,1.41,0.676,0.1,0.808,0.35,0.161,0.26,0.46,0.28,0.56,0.51,0.58,0.78,1.01,0.8,0.74
2072,grootn1.7,failure,888,0.52,0.74,,0.0,0.862,0.288,0.057,0.52,0.56,0.52,0.54,0.36,0.5,0.52,0.61,0.54,0.42
2073,grootn1.7,failure,897,0.43,1.74,0.812,0.188,0.865,0.604,0.642,0.29,0.38,0.4,0.18,0.36,0.5,0.49,0.41,1.31,1.41
2074,grootn1.7,failure,891,0.48,1.4,0.737,0.062,0.84,0.271,0.0,0.39,0.52,0.44,0.49,0.38,0.47,0.47,0.82,0.88,0.41
2075,grootn1.7,failure,483,0.38,0.78,,0.0,0.556,0.108,0.015,0.17,0.46,0.39,0.56,0.26,0.3,0.35,0.31,0.42,0.43
2076,grootn1.7,failure,732,0.41,0.72,,0.0,0.886,0.283,0.67,0.36,0.33,0.51,0.46,0.44,0.29,0.39,0.34,0.5,0.37
2077,grootn1.7,failure,556,0.64,1.01,0.114,0.004,0.919,0.241,0.016,0.18,0.64,0.49,0.76,0.47,0.38,0.8,0.67,0.81,0.66
2078,grootn1.7,failure,881,0.45,0.71,,0.0,0.562,0.11,0.0,0.48,0.4,0.52,0.6,0.33,0.47,0.45,0.43,0.45,0.47
2079,grootn1.7,failure,850,0.58,1.17,0.76,0.078,0.864,0.626,0.004,0.33,0.55,0.41,0.66,0.58,0.52,0.75,0.81,0.85,0.82
2080,grootn1.7,failure,883,0.43,0.68,,0.0,0.562,0.309,0.014,0.19,0.4,0.44,0.41,0.47,0.51,0.46,0.38,0.43,0.51
2081,grootn1.7,failure,867,0.45,0.9,,0.0,0.876,0.106,0.006,0.31,0.41,0.46,0.38,0.43,0.59,0.77,0.65,0.35,0.41
2082,grootn1.7,failure,161,0.29,0.56,,0.0,0.968,0.312,0.05,0.09,0.12,0.28,0.28,0.41,0.36,0.28,0.27,0.42,0.26
2083,grootn1.7,failure,865,0.62,1.64,0.635,0.277,0.894,0.604,0.047,0.31,0.45,0.43,0.62,0.4,0.5,1.07,0.96,0.98,1.15
2084,grootn1.7,failure,739,0.67,1.15,0.473,0.054,0.869,0.81,0.005,0.45,0.51,0.66,0.76,0.59,0.81,0.86,0.8,0.55,0.72
2085,grootn1.7,failure,898,0.56,0.95,,0.0,0.915,0.203,0.8,0.58,0.63,0.86,0.62,0.44,0.29,0.53,0.61,0.5,0.5
2086,grootn1.7,failure,908,0.56,0.79,,0.0,0.933,0.616,0.003,0.5,0.59,0.66,0.61,0.7,0.65,0.44,0.49,0.36,0.42
2087,grootn1.7,failure,901,0.37,0.83,,0.0,0.915,0.271,0.096,0.33,0.59,0.55,0.42,0.31,0.46,0.33,0.27,0.37,0.3
2088,grootn1.7,failure,897,0.5,0.82,,0.0,0.896,0.89,0.085,0.63,0.6,0.34,0.42,0.43,0.37,0.53,0.39,0.35,0.49
2089,grootn1.7,failure,897,0.45,0.85,,0.0,0.437,0.276,0.544,0.54,0.5,0.3,0.51,0.43,0.35,0.45,0.41,0.4,0.48
2090,grootn1.7,failure,899,0.66,1.08,0.276,0.048,0.891,0.321,0.002,0.54,0.66,0.84,0.9,0.87,0.79,0.57,0.57,0.56,0.63
2091,grootn1.7,failure,462,0.64,1.91,0.668,0.333,0.803,0.556,0.805,0.62,0.5,0.34,0.44,0.4,0.83,0.75,1.41,1.61,1.5
2092,grootn1.7,failure,902,0.28,0.65,,0.0,0.79,0.709,0.036,0.45,0.25,0.27,0.27,0.31,0.29,0.24,0.32,0.28,0.26
2093,grootn1.7,failure,897,0.49,1.16,0.221,0.098,0.893,0.253,0.008,0.53,0.61,0.92,0.98,0.56,0.44,0.29,0.35,0.38,0.46
2094,grootn1.7,failure,899,0.58,1.14,0.03,0.014,0.926,0.532,0.0,0.78,0.65,0.34,0.4,0.34,0.36,0.73,0.72,0.64,0.57
2095,grootn1.7,failure,906,0.36,0.77,,0.0,0.946,0.514,0.002,0.31,0.23,0.39,0.37,0.36,0.56,0.46,0.3,0.38,0.31
2096,grootn1.7,failure,900,0.61,1.45,0.793,0.051,0.935,0.381,0.001,0.39,0.53,0.74,0.71,0.58,0.48,0.41,0.75,0.83,0.64
2097,grootn1.7,failure,895,0.6,1.98,0.017,0.268,0.603,0.324,0.134,0.68,0.36,0.39,0.33,0.34,0.45,0.68,1.03,1.69,1.66
2098,grootn1.7,failure,902,0.43,0.91,,0.0,0.561,0.146,0.001,0.39,0.6,0.57,0.41,0.4,0.38,0.43,0.42,0.39,0.36
2099,pi0,failure,1156,0.3,0.81,,0.0,0.599,0.23,0.151,0.4,0.22,0.33,0.23,0.3,0.47,0.65,0.25,0.26,0.28
2100,pi0,failure,1044,0.32,0.64,,0.0,0.892,0.152,0.592,0.22,0.28,0.28,0.36,0.35,0.29,0.36,0.49,0.56,0.51
2101,pi0,failure,1145,0.39,0.68,,0.0,0.43,0.341,0.001,0.41,0.44,0.4,0.45,0.44,0.41,0.32,0.28,0.32,0.31
2102,pi0,failure,1159,0.49,0.71,,0.0,0.282,0.273,0.005,0.26,0.3,0.44,0.54,0.56,0.53,0.55,0.56,0.52,0.57
2103,pi0,failure,1145,0.35,0.82,,0.0,0.843,0.588,0.004,0.26,0.4,0.53,0.49,0.29,0.15,0.26,0.35,0.61,0.62
2104,pi0,failure,1148,0.28,0.62,,0.0,0.518,0.212,0.0,0.41,0.42,0.32,0.26,0.24,0.32,0.27,0.27,0.26,0.33
2105,pi0,failure,1156,0.47,0.74,,0.0,0.565,0.281,0.584,0.28,0.27,0.47,0.5,0.45,0.52,0.48,0.49,0.6,0.62
2106,pi0,failure,1154,0.32,0.67,,0.0,0.672,0.087,0.743,0.33,0.32,0.35,0.26,0.16,0.3,0.28,0.3,0.5,0.48
2107,pi0,failure,1156,0.19,0.71,,0.0,0.603,0.235,0.754,0.33,0.19,0.17,0.16,0.21,0.19,0.13,0.38,0.24,0.15
2108,pi0,failure,1156,0.52,0.81,,0.0,0.469,0.363,0.0,0.32,0.41,0.53,0.44,0.53,0.64,0.66,0.48,0.55,0.61
2109,pi0,failure,1162,0.54,1.03,0.235,0.019,0.853,0.397,0.204,0.26,0.28,0.76,0.9,0.71,0.61,0.7,0.54,0.51,0.49
2110,pi0,failure,1162,0.37,0.83,,0.0,0.838,0.341,0.0,0.28,0.62,0.61,0.34,0.27,0.26,0.34,0.43,0.39,0.38
2111,pi0,failure,1134,0.58,1.23,0.154,0.017,0.89,0.398,0.01,0.28,0.77,0.73,0.64,0.51,0.51,0.46,0.61,0.61,0.6
2112,pi0,failure,1166,0.6,0.76,,0.0,0.888,0.347,0.006,0.54,0.65,0.57,0.46,0.59,0.6,0.64,0.67,0.64,0.52
2113,pi0,failure,1166,0.41,0.89,,0.0,0.81,0.341,0.001,0.2,0.71,0.47,0.35,0.31,0.33,0.41,0.52,0.41,0.41
2114,pi0,failure,1166,0.59,0.88,,0.0,0.875,0.533,0.004,0.51,0.7,0.78,0.72,0.53,0.45,0.51,0.62,0.56,0.59
2115,pi0,failure,1166,0.77,1.01,0.667,0.025,0.888,0.886,0.364,0.62,0.5,0.62,0.69,0.65,0.81,0.9,0.89,0.93,0.93
2116,pi0,failure,1166,0.57,0.9,,0.0,0.981,0.503,0.116,0.26,0.29,0.28,0.66,0.74,0.77,0.72,0.55,0.47,0.6
2117,pi0,failure,725,0.67,1.06,0.394,0.044,0.981,0.324,0.019,0.14,0.21,0.32,0.52,0.95,0.82,0.75,0.81,0.75,0.64
2118,pi0,failure,1166,0.76,1.16,0.064,0.152,0.847,0.315,0.002,0.55,1.06,0.9,0.81,0.81,0.73,0.74,0.77,0.64,0.57
2119,pi0,failure,657,0.36,0.93,,0.0,0.981,0.518,0.017,0.19,0.22,0.25,0.28,0.31,0.51,0.8,0.8,0.65,0.67
2120,pi0,failure,726,0.6,1.06,0.226,0.017,0.892,0.853,0.0,0.18,0.24,0.85,0.7,0.74,0.67,0.71,0.56,0.56,0.58
2121,pi0,failure,448,0.68,1.19,0.416,0.257,0.981,0.441,0.016,0.11,0.18,0.21,0.4,1.08,1.11,1.01,0.87,0.65,0.71
2122,pi0,failure,1086,0.64,0.9,,0.0,0.983,0.851,0.028,0.09,0.52,0.61,0.66,0.62,0.74,0.71,0.78,0.65,0.62
2123,pi0,failure,1165,0.46,0.89,,0.0,0.971,0.341,0.129,0.27,0.3,0.54,0.5,0.63,0.58,0.42,0.42,0.45,0.48
2124,pi0,failure,739,0.29,0.37,,0.0,0.983,0.014,0.203,0.19,0.26,0.28,0.29,0.31,0.3,0.29,0.28,0.33,0.31
2125,pi0,failure,1166,0.5,0.87,,0.0,0.971,0.341,0.001,0.27,0.29,0.69,0.81,0.55,0.57,0.47,0.5,0.5,0.52
2126,pi0,failure,1166,0.28,0.94,,0.0,0.983,0.473,0.001,0.28,0.28,0.29,0.29,0.27,0.27,0.26,0.65,0.65,0.54
2127,pi0,failure,1166,0.59,1.01,0.472,0.01,0.981,0.388,0.005,0.22,0.31,0.36,0.45,0.89,0.75,0.63,0.67,0.63,0.59
2128,pi0,failure,1165,0.52,1.03,0.193,0.009,0.971,0.398,0.0,0.23,0.51,0.85,0.65,0.34,0.55,0.59,0.59,0.46,0.39
2129,pi0.5,failure,1157,0.26,0.61,,0.0,0.939,0.527,0.474,0.44,0.35,0.11,0.08,0.16,0.37,0.22,0.34,0.27,0.4
2130,pi0.5,failure,1152,0.3,0.76,,0.0,0.716,0.462,0.748,0.37,0.3,0.2,0.24,0.22,0.39,0.58,0.64,0.4,0.24
2131,pi0.5,failure,1156,0.28,0.83,,0.0,0.824,0.658,0.028,0.62,0.36,0.48,0.29,0.32,0.2,0.25,0.25,0.17,0.17
2132,pi0.5,failure,1149,0.31,0.85,,0.0,0.961,0.73,0.872,0.42,0.34,0.17,0.51,0.37,0.31,0.13,0.11,0.12,0.45
2133,pi0.5,failure,1106,0.37,0.7,,0.0,0.935,0.4,0.324,0.33,0.22,0.23,0.28,0.34,0.29,0.4,0.5,0.59,0.56
2134,pi0.5,failure,1105,0.3,0.86,,0.0,0.936,0.743,0.513,0.52,0.24,0.46,0.21,0.31,0.36,0.42,0.3,0.2,0.18
2135,pi0.5,failure,1139,0.31,0.76,,0.0,0.971,0.455,0.678,0.3,0.37,0.21,0.2,0.22,0.49,0.2,0.32,0.19,0.41
2136,pi0.5,failure,1059,0.28,0.72,,0.0,0.905,0.413,0.689,0.28,0.48,0.24,0.35,0.32,0.21,0.23,0.3,0.3,0.39
2137,pi0.5,failure,1048,0.27,0.69,,0.0,0.938,0.388,0.421,0.27,0.22,0.23,0.24,0.36,0.46,0.34,0.22,0.43,0.29
2138,pi0.5,failure,1050,0.32,0.61,,0.0,0.779,0.281,0.0,0.31,0.21,0.19,0.28,0.33,0.36,0.35,0.41,0.33,0.33
2139,pi0.5,failure,1049,0.24,0.58,,0.0,0.881,0.237,0.698,0.37,0.24,0.13,0.27,0.2,0.22,0.17,0.25,0.25,0.41
2140,pi0.5,failure,1057,0.25,0.75,,0.0,0.913,0.304,0.475,0.27,0.36,0.21,0.26,0.27,0.22,0.22,0.23,0.53,0.3
2141,pi0.5,failure,1050,0.23,0.62,,0.0,0.852,0.678,0.957,0.26,0.2,0.22,0.21,0.16,0.37,0.36,0.21,0.21,0.15
2142,pi0.5,failure,1015,0.4,0.96,0.549,0.001,0.951,0.758,0.3,0.37,0.21,0.18,0.27,0.2,0.41,0.68,0.81,0.61,0.52
2143,pi0.5,failure,202,0.4,0.73,,0.0,0.24,0.111,0.035,0.1,0.43,0.46,0.43,0.35,0.26,0.43,0.4,0.39,0.46
2144,pi0.5,failure,1056,0.27,0.6,,0.0,0.464,0.363,0.545,0.31,0.31,0.29,0.37,0.26,0.23,0.23,0.24,0.26,0.32
2145,pi0.5,failure,1060,0.24,0.79,,0.0,0.912,0.22,0.791,0.3,0.22,0.2,0.19,0.2,0.31,0.23,0.2,0.41,0.43
2146,pi0.5,failure,1052,0.26,0.7,,0.0,0.961,0.471,0.348,0.47,0.43,0.32,0.12,0.41,0.26,0.17,0.24,0.18,0.25
2147,pi0.5,failure,1055,0.23,0.68,,0.0,0.891,0.557,0.149,0.47,0.49,0.35,0.16,0.25,0.22,0.18,0.3,0.19,0.14
2148,pi0.5,failure,1042,0.3,0.79,,0.0,0.953,0.479,0.378,0.3,0.18,0.19,0.19,0.57,0.36,0.25,0.28,0.47,0.47
2149,pi0.5,failure,1057,0.22,0.72,,0.0,0.584,0.48,0.592,0.35,0.22,0.24,0.25,0.23,0.23,0.38,0.17,0.16,0.16
2150,pi0.5,failure,1052,0.24,0.6,,0.0,0.94,0.765,0.986,0.23,0.29,0.21,0.24,0.33,0.33,0.26,0.26,0.23,0.2
2151,pi0.5,failure,1055,0.22,0.81,,0.0,0.899,0.477,0.735,0.43,0.4,0.25,0.18,0.19,0.14,0.26,0.18,0.57,0.19
2152,pi0.5,failure,166,0.31,0.56,,0.0,0.425,0.391,0.976,0.06,0.21,0.41,0.38,0.31,0.32,0.31,0.34,0.39,0.39
2153,pi0.5,failure,1061,0.24,0.63,,0.0,0.904,0.525,0.002,0.44,0.23,0.19,0.24,0.23,0.22,0.5,0.3,0.21,0.25
2154,pi0.5,failure,1059,0.26,0.66,,0.0,0.877,0.496,0.511,0.23,0.48,0.22,0.3,0.26,0.19,0.33,0.29,0.28,0.22
2155,pi0.5,failure,833,0.29,0.81,,0.0,0.964,0.251,0.601,0.37,0.23,0.19,0.34,0.31,0.21,0.25,0.51,0.15,0.37
2156,pi0.5,failure,1054,0.35,0.78,,0.0,0.913,0.372,0.56,0.35,0.52,0.54,0.19,0.43,0.15,0.42,0.43,0.26,0.24
2157,pi0.5,failure,151,0.28,0.64,,0.0,0.42,0.42,0.0,0.06,0.21,0.36,0.59,0.36,0.28,0.35,0.24,0.24,0.21
2158,pi0.5,failure,573,0.36,0.74,,0.0,0.961,0.18,0.014,0.25,0.29,0.51,0.56,0.55,0.35,0.27,0.29,0.41,0.29
